epoch,step,train_reg_loss_epoch,train_reg_loss_step,val_minADE,val_minFDE,val_minMR,val_reg_loss
0,49,,4.654419898986816,,,,
0,99,,4.320872783660889,,,,
0,149,,7.2485671043396,,,,
0,199,,2.162616491317749,,,,
0,249,,2.1294875144958496,,,,
0,299,,2.5753469467163086,,,,
0,349,,2.063431739807129,,,,
0,399,,1.4466899633407593,,,,
0,449,,1.3947645425796509,,,,
0,499,,1.9766838550567627,,,,
0,549,,1.4273992776870728,,,,
0,599,,1.9690980911254883,,,,
0,649,,1.0977442264556885,,,,
0,699,,1.5974376201629639,,,,
0,749,,1.6752314567565918,,,,
0,799,,1.622347354888916,,,,
0,799,,,8.528895378112793,21.30888557434082,0.8013685345649719,3.677570104598999
0,799,12.299663543701172,,,,,
1,849,,1.2350331544876099,,,,
1,899,,0.8545071482658386,,,,
1,949,,1.525190830230713,,,,
1,999,,1.0295088291168213,,,,
1,1049,,1.512418270111084,,,,
1,1099,,1.474810004234314,,,,
1,1149,,1.6852058172225952,,,,
1,1199,,1.599751353263855,,,,
1,1249,,0.264743834733963,,,,
1,1299,,0.8166419267654419,,,,
1,1349,,1.3793165683746338,,,,
1,1399,,1.4446929693222046,,,,
1,1449,,0.43707510828971863,,,,
1,1499,,1.0629723072052002,,,,
1,1549,,0.8562512397766113,,,,
1,1599,,0.979644238948822,,,,
1,1599,,,5.014054775238037,14.30070686340332,0.7537634372711182,2.63810658454895
1,1599,4.722896575927734,,,,,
2,1649,,0.2097589373588562,,,,
2,1699,,0.8635146021842957,,,,
2,1749,,1.2055755853652954,,,,
2,1799,,1.3245042562484741,,,,
2,1849,,0.9010483026504517,,,,
2,1899,,0.2342640608549118,,,,
2,1949,,0.757688045501709,,,,
2,1999,,1.2338225841522217,,,,
2,2049,,0.043287087231874466,,,,
2,2099,,0.9629987478256226,,,,
2,2149,,0.9430834054946899,,,,
2,2199,,0.14386053383350372,,,,
2,2249,,1.2159407138824463,,,,
2,2299,,0.9513643980026245,,,,
2,2349,,0.8296095728874207,,,,
2,2399,,0.3876395523548126,,,,
2,2399,,,3.299687623977661,8.693560600280762,0.7043988108634949,2.1050162315368652
2,2399,5.075546741485596,,,,,
3,2449,,0.3007289171218872,,,,
3,2499,,0.320963591337204,,,,
3,2549,,0.22363950312137604,,,,
3,2599,,0.5126880407333374,,,,
3,2649,,0.632050096988678,,,,
3,2699,,0.9843946695327759,,,,
3,2749,,1.2161692380905151,,,,
3,2799,,1.1122010946273804,,,,
3,2849,,0.6295655965805054,,,,
3,2899,,0.6419540643692017,,,,
3,2949,,0.34637847542762756,,,,
3,2999,,0.3338305950164795,,,,
3,3049,,0.9071869850158691,,,,
3,3099,,0.1016077920794487,,,,
3,3149,,0.6209670901298523,,,,
3,3199,,1.3655694723129272,,,,
3,3199,,,2.519040107727051,5.691201686859131,0.6294232606887817,1.7498539686203003
3,3199,2.4930152893066406,,,,,
4,3249,,0.7876667380332947,,,,
4,3299,,0.4758882522583008,,,,
4,3349,,0.9019994735717773,,,,
4,3399,,0.408207505941391,,,,
4,3449,,0.12896500527858734,,,,
4,3499,,1.6525520086288452,,,,
4,3549,,0.3185414969921112,,,,
4,3599,,0.7668408155441284,,,,
4,3649,,3.1184768676757812,,,,
4,3699,,0.708866536617279,,,,
4,3749,,1.0105326175689697,,,,
4,3799,,0.6535247564315796,,,,
4,3849,,0.04668312892317772,,,,
4,3899,,0.8911735415458679,,,,
4,3949,,0.7767174243927002,,,,
4,3999,,0.828029990196228,,,,
4,3999,,,2.170128345489502,4.421082496643066,0.5455523133277893,1.5240623950958252
4,3999,1.6705740690231323,,,,,
5,4049,,0.5305271744728088,,,,
5,4099,,0.231802299618721,,,,
5,4149,,0.2285756766796112,,,,
5,4199,,0.39492329955101013,,,,
5,4249,,0.9618529081344604,,,,
5,4299,,0.12270078808069229,,,,
5,4349,,1.4827475547790527,,,,
5,4399,,1.104155421257019,,,,
5,4449,,0.3065526485443115,,,,
5,4499,,0.7876534461975098,,,,
5,4549,,0.5694456696510315,,,,
5,4599,,0.8338683247566223,,,,
5,4649,,-0.2965772747993469,,,,
5,4699,,0.6192006468772888,,,,
5,4749,,0.2887868285179138,,,,
5,4799,,0.023169133812189102,,,,
5,4799,,,1.9314162731170654,3.7335081100463867,0.5044965744018555,1.328782081604004
5,4799,1.7138922214508057,,,,,
6,4849,,0.4430033266544342,,,,
6,4899,,0.6897343993186951,,,,
6,4949,,0.41384652256965637,,,,
6,4999,,0.3728787899017334,,,,
6,5049,,0.8655465245246887,,,,
6,5099,,0.572443425655365,,,,
6,5149,,-0.2458009123802185,,,,
6,5199,,0.5071932077407837,,,,
6,5249,,1.0689729452133179,,,,
6,5299,,0.44337961077690125,,,,
6,5349,,0.4614831209182739,,,,
6,5399,,0.5404416918754578,,,,
6,5449,,0.2847323715686798,,,,
6,5499,,0.9455389380455017,,,,
6,5549,,0.48402833938598633,,,,
6,5599,,-0.07039200514554977,,,,
6,5599,,,1.8437238931655884,3.4799716472625732,0.47653958201408386,1.2015933990478516
6,5599,1.2556781768798828,,,,,
7,5649,,0.7432085871696472,,,,
7,5699,,0.5216204524040222,,,,
7,5749,,0.3770900070667267,,,,
7,5799,,0.7236543893814087,,,,
7,5849,,0.4376130998134613,,,,
7,5899,,-0.1875825822353363,,,,
7,5949,,0.8375298380851746,,,,
7,5999,,0.5020464658737183,,,,
7,6049,,0.22288642823696136,,,,
7,6099,,0.7370120882987976,,,,
7,6149,,0.7568459510803223,,,,
7,6199,,0.8278787136077881,,,,
7,6249,,0.7741168737411499,,,,
7,6299,,0.07385499775409698,,,,
7,6349,,0.3352886736392975,,,,
7,6399,,0.4645378589630127,,,,
7,6399,,,1.7882201671600342,3.256957530975342,0.45024436712265015,1.1014165878295898
7,6399,1.992908239364624,,,,,
8,6449,,0.5380256175994873,,,,
8,6499,,0.31012067198753357,,,,
8,6549,,0.5522381067276001,,,,
8,6599,,0.7055985927581787,,,,
8,6649,,-0.05588090419769287,,,,
8,6699,,0.7117475271224976,,,,
8,6749,,0.7098904848098755,,,,
8,6799,,0.49953266978263855,,,,
8,6849,,0.5089220404624939,,,,
8,6899,,0.524418830871582,,,,
8,6949,,0.21202856302261353,,,,
8,6999,,0.5298463702201843,,,,
8,7049,,0.09668076038360596,,,,
8,7099,,0.6788983941078186,,,,
8,7149,,1.8236690759658813,,,,
8,7199,,0.7817600965499878,,,,
8,7199,,,1.7617955207824707,3.230156421661377,0.4525904059410095,1.0200532674789429
8,7199,1.1362297534942627,,,,,
9,7249,,0.5582486987113953,,,,
9,7299,,0.4999125301837921,,,,
9,7349,,0.24494381248950958,,,,
9,7399,,0.39276373386383057,,,,
9,7449,,0.6352895498275757,,,,
9,7499,,1.2289131879806519,,,,
9,7549,,0.7556101679801941,,,,
9,7599,,0.8895300030708313,,,,
9,7649,,0.6430512070655823,,,,
9,7699,,0.26486676931381226,,,,
9,7749,,0.5231254696846008,,,,
9,7799,,-0.5479579567909241,,,,
9,7849,,0.3918902277946472,,,,
9,7899,,0.3899056613445282,,,,
9,7949,,0.49159106612205505,,,,
9,7999,,0.7529322504997253,,,,
9,7999,,,1.6798334121704102,3.0412611961364746,0.42258065938949585,0.9311453104019165
9,7999,1.5012390613555908,,,,,
10,8049,,0.09869033843278885,,,,
10,8099,,0.2963261306285858,,,,
10,8149,,0.5695463418960571,,,,
10,8199,,0.5084534287452698,,,,
10,8249,,0.615568220615387,,,,
10,8299,,0.8214123249053955,,,,
10,8349,,0.8274791240692139,,,,
10,8399,,0.46391478180885315,,,,
10,8449,,-0.28951147198677063,,,,
10,8499,,0.13565483689308167,,,,
10,8549,,0.5426293611526489,,,,
10,8599,,0.34841805696487427,,,,
10,8649,,0.8410283327102661,,,,
10,8699,,0.4571540057659149,,,,
10,8749,,0.5362511277198792,,,,
10,8799,,0.5540079474449158,,,,
10,8799,,,1.650902271270752,2.9874484539031982,0.4249266982078552,0.8880772590637207
10,8799,0.8726556301116943,,,,,
11,8849,,0.6140986680984497,,,,
11,8899,,0.10414483398199081,,,,
11,8949,,0.21040736138820648,,,,
11,8999,,0.15298780798912048,,,,
11,9049,,0.6490076780319214,,,,
11,9099,,0.8398974537849426,,,,
11,9149,,0.8769957423210144,,,,
11,9199,,0.587456464767456,,,,
11,9249,,0.584726095199585,,,,
11,9299,,1.0104930400848389,,,,
11,9349,,0.647463321685791,,,,
11,9399,,0.9051064848899841,,,,
11,9449,,0.7175408601760864,,,,
11,9499,,0.9651044607162476,,,,
11,9549,,0.6090816855430603,,,,
11,9599,,0.5112716555595398,,,,
11,9599,,,1.6311678886413574,2.9303712844848633,0.40791788697242737,0.8440421223640442
11,9599,1.1486425399780273,,,,,
12,9649,,0.7142407298088074,,,,
12,9699,,1.0399832725524902,,,,
12,9749,,0.40785518288612366,,,,
12,9799,,0.03190960735082626,,,,
12,9849,,0.0724366083741188,,,,
12,9899,,0.44762876629829407,,,,
12,9949,,0.8851144313812256,,,,
12,9999,,0.47827664017677307,,,,
12,10049,,0.3810243308544159,,,,
12,10099,,0.8148840665817261,,,,
12,10149,,0.3786580562591553,,,,
12,10199,,0.46010273694992065,,,,
12,10249,,0.5605080723762512,,,,
12,10299,,0.18563212454319,,,,
12,10349,,0.8176419734954834,,,,
12,10399,,0.9738571643829346,,,,
12,10399,,,1.611422061920166,2.8524580001831055,0.41466274857521057,0.8142934441566467
12,10399,1.1599870920181274,,,,,
13,10449,,0.26754841208457947,,,,
13,10499,,0.6983155608177185,,,,
13,10549,,0.6231481432914734,,,,
13,10599,,-0.12232349812984467,,,,
13,10649,,0.12910418212413788,,,,
13,10699,,0.49998021125793457,,,,
13,10749,,0.753254771232605,,,,
13,10799,,0.5846710205078125,,,,
13,10849,,0.5236007571220398,,,,
13,10899,,0.40377023816108704,,,,
13,10949,,0.47538021206855774,,,,
13,10999,,0.22403207421302795,,,,
13,11049,,0.5651649236679077,,,,
13,11099,,0.6318758726119995,,,,
13,11149,,0.5795077085494995,,,,
13,11199,,0.44340601563453674,,,,
13,11199,,,1.6572234630584717,2.9994559288024902,0.42258065938949585,0.8115151524543762
13,11199,0.7820046544075012,,,,,
14,11249,,0.6755058169364929,,,,
14,11299,,0.5691327452659607,,,,
14,11349,,0.4520936906337738,,,,
14,11399,,0.47305530309677124,,,,
14,11449,,0.6008841395378113,,,,
14,11499,,0.9019654393196106,,,,
14,11549,,0.1207733005285263,,,,
14,11599,,0.7102829217910767,,,,
14,11649,,0.3275353014469147,,,,
14,11699,,0.3878629803657532,,,,
14,11749,,0.1476895958185196,,,,
14,11799,,0.7381092309951782,,,,
14,11849,,0.6874767541885376,,,,
14,11899,,0.17343011498451233,,,,
14,11949,,0.09365102648735046,,,,
14,11999,,0.5718263983726501,,,,
14,11999,,,1.6033791303634644,2.82981014251709,0.41749754548072815,0.7495733499526978
14,11999,0.7408119440078735,,,,,
15,12049,,0.055056072771549225,,,,
15,12099,,0.25011157989501953,,,,
15,12149,,0.17051295936107635,,,,
15,12199,,0.3882432281970978,,,,
15,12249,,0.1746332049369812,,,,
15,12299,,0.7580738067626953,,,,
15,12349,,0.10831736028194427,,,,
15,12399,,0.7397305965423584,,,,
15,12449,,0.4600854516029358,,,,
15,12499,,0.24447372555732727,,,,
15,12549,,0.5752268433570862,,,,
15,12599,,0.0299062579870224,,,,
15,12649,,0.8299065828323364,,,,
15,12699,,0.6736863851547241,,,,
15,12749,,-0.07668391615152359,,,,
15,12799,,0.20371368527412415,,,,
15,12799,,,1.5640788078308105,2.757032871246338,0.39462366700172424,0.7062658071517944
15,12799,0.9896831512451172,,,,,
16,12849,,0.03546212613582611,,,,
16,12899,,0.7729348540306091,,,,
16,12949,,0.47918975353240967,,,,
16,12999,,0.5283859968185425,,,,
16,13049,,0.8937064409255981,,,,
16,13099,,0.3828507661819458,,,,
16,13149,,0.11799021065235138,,,,
16,13199,,0.7307352423667908,,,,
16,13249,,0.4003064036369324,,,,
16,13299,,202.30369567871094,,,,
16,13349,,0.29985639452934265,,,,
16,13399,,0.025191472843289375,,,,
16,13449,,0.5445850491523743,,,,
16,13499,,0.9305674433708191,,,,
16,13549,,0.20600004494190216,,,,
16,13599,,0.6467314958572388,,,,
16,13599,,,1.5441770553588867,2.688786029815674,0.3866080045700073,0.6919432282447815
16,13599,0.791482150554657,,,,,
17,13649,,0.6112794280052185,,,,
17,13699,,0.31008097529411316,,,,
17,13749,,0.5949490070343018,,,,
17,13799,,0.06960154324769974,,,,
17,13849,,0.3193843364715576,,,,
17,13899,,0.5262223482131958,,,,
17,13949,,0.4393768310546875,,,,
17,13999,,0.3717104494571686,,,,
17,14049,,0.10861776769161224,,,,
17,14099,,-0.10292911529541016,,,,
17,14149,,-0.04506836459040642,,,,
17,14199,,0.45370855927467346,,,,
17,14249,,0.6392282843589783,,,,
17,14299,,0.4606133997440338,,,,
17,14349,,0.07309039682149887,,,,
17,14399,,0.4990862011909485,,,,
17,14399,,,1.5301644802093506,2.687889814376831,0.3785923719406128,0.6643505692481995
17,14399,1.1068916320800781,,,,,
18,14449,,0.6049476265907288,,,,
18,14499,,1.0555223226547241,,,,
18,14549,,0.7452149391174316,,,,
18,14599,,0.8583237528800964,,,,
18,14649,,0.1580743044614792,,,,
18,14699,,-0.8721095323562622,,,,
18,14749,,0.15487563610076904,,,,
18,14799,,0.11230146884918213,,,,
18,14849,,0.9000323414802551,,,,
18,14899,,-0.41975995898246765,,,,
18,14949,,0.6855821013450623,,,,
18,14999,,-0.1720949113368988,,,,
18,15049,,-0.3486465811729431,,,,
18,15099,,0.30298101902008057,,,,
18,15149,,1.4707022905349731,,,,
18,15199,,0.5774213075637817,,,,
18,15199,,,1.525112509727478,2.660839080810547,0.383968710899353,0.6570587754249573
18,15199,1.0138845443725586,,,,,
19,15249,,0.5891166925430298,,,,
19,15299,,0.4872731566429138,,,,
19,15349,,0.1543329507112503,,,,
19,15399,,0.4719502925872803,,,,
19,15449,,0.015427413396537304,,,,
19,15499,,0.2810966372489929,,,,
19,15549,,0.3237283527851105,,,,
19,15599,,0.41787970066070557,,,,
19,15649,,0.4583105742931366,,,,
19,15699,,0.284335196018219,,,,
19,15749,,0.9215639233589172,,,,
19,15799,,0.3835727274417877,,,,
19,15849,,0.04367726296186447,,,,
19,15899,,0.32533860206604004,,,,
19,15949,,0.7907789945602417,,,,
19,15999,,-0.21434561908245087,,,,
19,15999,,,1.5133485794067383,2.6538147926330566,0.3767350912094116,0.6383381485939026
19,15999,0.6960369944572449,,,,,
20,16049,,-0.05630021169781685,,,,
20,16099,,-0.10360229760408401,,,,
20,16149,,0.29895132780075073,,,,
20,16199,,0.6083638072013855,,,,
20,16249,,0.23864850401878357,,,,
20,16299,,0.21457700431346893,,,,
20,16349,,0.612044095993042,,,,
20,16399,,0.3133341372013092,,,,
20,16449,,0.7784178853034973,,,,
20,16499,,0.5394706130027771,,,,
20,16549,,0.15337920188903809,,,,
20,16599,,0.3824094235897064,,,,
20,16649,,0.41820961236953735,,,,
20,16699,,0.46057868003845215,,,,
20,16749,,-0.36273184418678284,,,,
20,16799,,-0.03111903741955757,,,,
20,16799,,,1.5497151613235474,2.729614496231079,0.39608994126319885,0.6427915096282959
20,16799,0.8317426443099976,,,,,
21,16849,,0.37878718972206116,,,,
21,16899,,0.41637560725212097,,,,
21,16949,,0.8554012179374695,,,,
21,16999,,-0.003653533523902297,,,,
21,17049,,1.175139307975769,,,,
21,17099,,1.1144250631332397,,,,
21,17149,,-0.021991588175296783,,,,
21,17199,,0.7156440019607544,,,,
21,17249,,0.6249365210533142,,,,
21,17299,,0.6626290678977966,,,,
21,17349,,0.44899997115135193,,,,
21,17399,,0.6396318078041077,,,,
21,17449,,0.1734069138765335,,,,
21,17499,,0.5850222110748291,,,,
21,17549,,0.45053213834762573,,,,
21,17599,,0.19352038204669952,,,,
21,17599,,,1.4951385259628296,2.570284843444824,0.3793743848800659,0.6010238528251648
21,17599,0.7116237282752991,,,,,
22,17649,,0.1323680877685547,,,,
22,17699,,0.44072815775871277,,,,
22,17749,,0.26642003655433655,,,,
22,17799,,0.23123563826084137,,,,
22,17849,,0.5174530148506165,,,,
22,17899,,0.27800801396369934,,,,
22,17949,,0.5500878691673279,,,,
22,17999,,-0.011964071542024612,,,,
22,18049,,0.2350505292415619,,,,
22,18099,,0.3453879654407501,,,,
22,18149,,0.5779429078102112,,,,
22,18199,,0.46181032061576843,,,,
22,18249,,0.25172531604766846,,,,
22,18299,,0.20935584604740143,,,,
22,18349,,0.07526054233312607,,,,
22,18399,,0.2323514074087143,,,,
22,18399,,,1.5101525783538818,2.6243019104003906,0.3731182813644409,0.5942654609680176
22,18399,0.7888389229774475,,,,,
23,18449,,0.1614861637353897,,,,
23,18499,,0.43440502882003784,,,,
23,18549,,0.4071911871433258,,,,
23,18599,,0.6302235722541809,,,,
23,18649,,0.82331782579422,,,,
23,18699,,0.3988027274608612,,,,
23,18749,,0.6024309396743774,,,,
23,18799,,-0.0464569553732872,,,,
23,18849,,0.36490964889526367,,,,
23,18899,,0.6562402844429016,,,,
23,18949,,0.1961498111486435,,,,
23,18999,,0.2003442645072937,,,,
23,19049,,0.21342886984348297,,,,
23,19099,,-0.06717678159475327,,,,
23,19149,,0.44514504075050354,,,,
23,19199,,0.1345423460006714,,,,
23,19199,,,1.4936929941177368,2.5575897693634033,0.36891496181488037,0.5815067887306213
23,19199,0.6460590958595276,,,,,
24,19249,,0.3021736741065979,,,,
24,19299,,0.42177218198776245,,,,
24,19349,,-0.11888948082923889,,,,
24,19399,,-0.13717006146907806,,,,
24,19449,,-0.45237159729003906,,,,
24,19499,,0.4952346682548523,,,,
24,19549,,0.38832414150238037,,,,
24,19599,,0.2691028118133545,,,,
24,19649,,-0.1820254623889923,,,,
24,19699,,0.6832071542739868,,,,
24,19749,,0.3520515561103821,,,,
24,19799,,0.13532646000385284,,,,
24,19849,,0.5802076458930969,,,,
24,19899,,0.10159280896186829,,,,
24,19949,,-0.3557799756526947,,,,
24,19999,,0.07490193843841553,,,,
24,19999,,,1.471462607383728,2.52649188041687,0.36891496181488037,0.5862499475479126
24,19999,0.6503921747207642,,,,,
25,20049,,0.31641244888305664,,,,
25,20099,,0.43535634875297546,,,,
25,20149,,-0.1523905247449875,,,,
25,20199,,-0.1073516383767128,,,,
25,20249,,0.7123493552207947,,,,
25,20299,,-0.1956668347120285,,,,
25,20349,,0.35140809416770935,,,,
25,20399,,0.6820622682571411,,,,
25,20449,,0.5484253168106079,,,,
25,20499,,0.24676945805549622,,,,
25,20549,,0.15160363912582397,,,,
25,20599,,0.5836485028266907,,,,
25,20649,,0.2520420253276825,,,,
25,20699,,0.5768113732337952,,,,
25,20749,,0.776332437992096,,,,
25,20799,,0.4077751636505127,,,,
25,20799,,,1.487274169921875,2.5922045707702637,0.371456503868103,0.572310745716095
25,20799,0.6194995641708374,,,,,
26,20849,,0.8322300910949707,,,,
26,20899,,0.5781751871109009,,,,
26,20949,,0.7712060809135437,,,,
26,20999,,-0.050877347588539124,,,,
26,21049,,0.30709224939346313,,,,
26,21099,,0.15146419405937195,,,,
26,21149,,0.2909468412399292,,,,
26,21199,,0.7026107907295227,,,,
26,21249,,0.1282311975955963,,,,
26,21299,,0.5682587623596191,,,,
26,21349,,0.9160267114639282,,,,
26,21399,,0.45330747961997986,,,,
26,21449,,0.3584812879562378,,,,
26,21499,,0.34407901763916016,,,,
26,21549,,0.2593156397342682,,,,
26,21599,,-0.08188124746084213,,,,
26,21599,,,1.4606297016143799,2.493969678878784,0.3622678518295288,0.5470982193946838
26,21599,0.8053228855133057,,,,,
27,21649,,0.15703880786895752,,,,
27,21699,,0.0917869582772255,,,,
27,21749,,0.26625508069992065,,,,
27,21799,,0.13206420838832855,,,,
27,21849,,0.08622428774833679,,,,
27,21899,,0.5729269981384277,,,,
27,21949,,0.8403136730194092,,,,
27,21999,,0.3002604842185974,,,,
27,22049,,0.8840924501419067,,,,
27,22099,,0.4482204020023346,,,,
27,22149,,0.7785047292709351,,,,
27,22199,,0.5363704562187195,,,,
27,22249,,0.48495304584503174,,,,
27,22299,,-0.10239007323980331,,,,
27,22349,,-0.46795281767845154,,,,
27,22399,,0.4360804557800293,,,,
27,22399,,,1.4500696659088135,2.4772348403930664,0.35728248953819275,0.5444100499153137
27,22399,0.6117470860481262,,,,,
28,22449,,0.4393855929374695,,,,
28,22499,,0.5185452103614807,,,,
28,22549,,0.8312868475914001,,,,
28,22599,,0.19549044966697693,,,,
28,22649,,0.7165114879608154,,,,
28,22699,,0.39743319153785706,,,,
28,22749,,0.43592214584350586,,,,
28,22799,,0.1716163158416748,,,,
28,22849,,0.7650579214096069,,,,
28,22899,,0.465535044670105,,,,
28,22949,,0.20635147392749786,,,,
28,22999,,0.2580147385597229,,,,
28,23049,,0.03443523123860359,,,,
28,23099,,0.8381878137588501,,,,
28,23149,,0.9105166792869568,,,,
28,23199,,-0.7096461653709412,,,,
28,23199,,,1.439879059791565,2.490709066390991,0.3655914068222046,0.5326157212257385
28,23199,0.6861209869384766,,,,,
29,23249,,0.5322290658950806,,,,
29,23299,,0.3882402181625366,,,,
29,23349,,0.759142279624939,,,,
29,23399,,0.1966700255870819,,,,
29,23449,,0.8831820487976074,,,,
29,23499,,0.4411727488040924,,,,
29,23549,,0.5467227697372437,,,,
29,23599,,0.42275792360305786,,,,
29,23649,,0.32651832699775696,,,,
29,23699,,0.3174806237220764,,,,
29,23749,,0.8502910733222961,,,,
29,23799,,0.242134228348732,,,,
29,23849,,0.09892208874225616,,,,
29,23899,,0.40393921732902527,,,,
29,23949,,0.4827991724014282,,,,
29,23999,,0.25595831871032715,,,,
29,23999,,,1.4449714422225952,2.48384428024292,0.3557184636592865,0.5287937521934509
29,23999,0.46246805787086487,,,,,
30,24049,,0.5113219618797302,,,,
30,24099,,0.08765150606632233,,,,
30,24149,,0.3002334237098694,,,,
30,24199,,0.49460697174072266,,,,
30,24249,,0.262248158454895,,,,
30,24299,,1.1783223152160645,,,,
30,24349,,0.2117656022310257,,,,
30,24399,,0.3552930951118469,,,,
30,24449,,0.38871416449546814,,,,
30,24499,,0.5863687992095947,,,,
30,24549,,0.6995623111724854,,,,
30,24599,,-0.32157573103904724,,,,
30,24649,,0.316328227519989,,,,
30,24699,,0.7004117965698242,,,,
30,24749,,0.5685945749282837,,,,
30,24799,,0.41399314999580383,,,,
30,24799,,,1.4237014055252075,2.403424024581909,0.35483869910240173,0.5201396942138672
30,24799,0.563694417476654,,,,,
31,24849,,0.7808379530906677,,,,
31,24899,,0.046481903642416,,,,
31,24949,,0.5364094972610474,,,,
31,24999,,0.14850550889968872,,,,
31,25049,,0.6369234919548035,,,,
31,25099,,0.5288792252540588,,,,
31,25149,,0.243877574801445,,,,
31,25199,,-0.16061633825302124,,,,
31,25249,,-0.3972548544406891,,,,
31,25299,,-0.14348521828651428,,,,
31,25349,,0.4007463753223419,,,,
31,25399,,0.8509436249732971,,,,
31,25449,,-0.1707010567188263,,,,
31,25499,,1.1879150867462158,,,,
31,25549,,0.11199838668107986,,,,
31,25599,,-0.2844682037830353,,,,
31,25599,,,1.4305211305618286,2.4235708713531494,0.3598240613937378,0.5173345804214478
31,25599,0.5297883749008179,,,,,
32,25649,,0.5503261685371399,,,,
32,25699,,0.5357117056846619,,,,
32,25749,,-0.10843140631914139,,,,
32,25799,,0.03408918157219887,,,,
32,25849,,0.001853794208727777,,,,
32,25899,,0.5562659502029419,,,,
32,25949,,-0.06668661534786224,,,,
32,25999,,0.35087475180625916,,,,
32,26049,,-0.6229410171508789,,,,
32,26099,,0.8941605687141418,,,,
32,26149,,0.49453437328338623,,,,
32,26199,,0.5682787895202637,,,,
32,26249,,0.4522857666015625,,,,
32,26299,,0.11370016634464264,,,,
32,26349,,0.3519539535045624,,,,
32,26399,,0.5360386967658997,,,,
32,26399,,,1.439357042312622,2.440431833267212,0.35434994101524353,0.5112226605415344
32,26399,0.44826260209083557,,,,,
33,26449,,0.46536722779273987,,,,
33,26499,,0.5849981904029846,,,,
33,26549,,0.4909091889858246,,,,
33,26599,,0.03792751207947731,,,,
33,26649,,0.4757167398929596,,,,
33,26699,,0.6743409633636475,,,,
33,26749,,0.1892273724079132,,,,
33,26799,,0.5323423147201538,,,,
33,26849,,0.6337825059890747,,,,
33,26899,,0.18639913201332092,,,,
33,26949,,0.8462621569633484,,,,
33,26999,,-0.5187575817108154,,,,
33,27049,,0.8084034323692322,,,,
33,27099,,0.09147860109806061,,,,
33,27149,,0.37372273206710815,,,,
33,27199,,0.0992380678653717,,,,
33,27199,,,1.4210357666015625,2.4065592288970947,0.34525904059410095,0.5105290412902832
33,27199,0.5111319422721863,,,,,
34,27249,,0.3397749364376068,,,,
34,27299,,0.7127848863601685,,,,
34,27349,,0.5686630010604858,,,,
34,27399,,0.11659824848175049,,,,
34,27449,,-0.2966024577617645,,,,
34,27499,,0.6951830983161926,,,,
34,27549,,0.29036861658096313,,,,
34,27599,,0.05990699306130409,,,,
34,27649,,0.6093129515647888,,,,
34,27699,,0.38370481133461,,,,
34,27749,,0.30382952094078064,,,,
34,27799,,0.2843712568283081,,,,
34,27849,,0.3175497055053711,,,,
34,27899,,0.17944520711898804,,,,
34,27949,,0.51101154088974,,,,
34,27999,,-0.0894588977098465,,,,
34,27999,,,1.4144954681396484,2.381209135055542,0.3497556149959564,0.499950647354126
34,27999,0.47846582531929016,,,,,
35,28049,,0.28938764333724976,,,,
35,28099,,0.40767529606819153,,,,
35,28149,,0.4588429033756256,,,,
35,28199,,-0.44083312153816223,,,,
35,28249,,-0.42559200525283813,,,,
35,28299,,0.42116114497184753,,,,
35,28349,,0.08923091739416122,,,,
35,28399,,0.4020461440086365,,,,
35,28449,,-0.1777545064687729,,,,
35,28499,,0.798728883266449,,,,
35,28549,,0.5467023253440857,,,,
35,28599,,0.5424504280090332,,,,
35,28649,,0.47507548332214355,,,,
35,28699,,0.7486457824707031,,,,
35,28749,,0.9928359985351562,,,,
35,28799,,0.8573095202445984,,,,
35,28799,,,1.4110198020935059,2.373507022857666,0.35249266028404236,0.4893173277378082
35,28799,0.6584444642066956,,,,,
36,28849,,0.2509016692638397,,,,
36,28899,,0.5372799634933472,,,,
36,28949,,0.5431081652641296,,,,
36,28999,,0.25684958696365356,,,,
36,29049,,0.32295674085617065,,,,
36,29099,,0.14842981100082397,,,,
36,29149,,0.46897152066230774,,,,
36,29199,,0.06816552579402924,,,,
36,29249,,0.652707040309906,,,,
36,29299,,0.6928691864013672,,,,
36,29349,,0.5195343494415283,,,,
36,29399,,0.14456482231616974,,,,
36,29449,,1.1720085144042969,,,,
36,29499,,0.5267256498336792,,,,
36,29549,,0.31334206461906433,,,,
36,29599,,0.5278164148330688,,,,
36,29599,,,1.416061282157898,2.38466477394104,0.3473118245601654,0.5006552934646606
36,29599,0.6209163665771484,,,,,
37,29649,,0.2812419831752777,,,,
37,29699,,0.7004370093345642,,,,
37,29749,,0.48930472135543823,,,,
37,29799,,0.22265565395355225,,,,
37,29849,,0.6744740009307861,,,,
37,29899,,0.6431706547737122,,,,
37,29949,,0.671450674533844,,,,
37,29999,,0.9437111616134644,,,,
37,30049,,0.4665619730949402,,,,
37,30099,,0.4083043336868286,,,,
37,30149,,0.30562150478363037,,,,
37,30199,,-0.2671474814414978,,,,
37,30249,,0.2716577351093292,,,,
37,30299,,0.30458784103393555,,,,
37,30349,,0.04090219736099243,,,,
37,30399,,0.32826894521713257,,,,
37,30399,,,1.3986749649047852,2.362084150314331,0.3429130017757416,0.49669507145881653
37,30399,0.5264887809753418,,,,,
38,30449,,0.5591960549354553,,,,
38,30499,,0.1760445535182953,,,,
38,30549,,-0.38483136892318726,,,,
38,30599,,0.19474820792675018,,,,
38,30649,,-0.0347762294113636,,,,
38,30699,,0.7169756889343262,,,,
38,30749,,0.3299545347690582,,,,
38,30799,,0.11285900324583054,,,,
38,30849,,0.4454229474067688,,,,
38,30899,,0.45825254917144775,,,,
38,30949,,0.2813939154148102,,,,
38,30999,,0.17843306064605713,,,,
38,31049,,0.3813304901123047,,,,
38,31099,,0.06467162072658539,,,,
38,31149,,0.6105025410652161,,,,
38,31199,,0.07529780268669128,,,,
38,31199,,,1.4083954095840454,2.35937237739563,0.3364613950252533,0.4871636629104614
38,31199,0.5403229594230652,,,,,
39,31249,,0.45730313658714294,,,,
39,31299,,0.18856625258922577,,,,
39,31349,,0.5090916752815247,,,,
39,31399,,0.30198177695274353,,,,
39,31449,,0.5265087485313416,,,,
39,31499,,0.510825514793396,,,,
39,31549,,0.5516301393508911,,,,
39,31599,,0.34769460558891296,,,,
39,31649,,0.22280915081501007,,,,
39,31699,,0.41422441601753235,,,,
39,31749,,0.5358127951622009,,,,
39,31799,,0.19736208021640778,,,,
39,31849,,0.5507521033287048,,,,
39,31899,,0.19481970369815826,,,,
39,31949,,0.5646405816078186,,,,
39,31999,,0.13471047580242157,,,,
39,31999,,,1.392067790031433,2.3541979789733887,0.3371456563472748,0.48197120428085327
39,31999,0.5205290913581848,,,,,
40,32049,,-0.08970136195421219,,,,
40,32099,,0.82988041639328,,,,
40,32149,,0.46285438537597656,,,,
40,32199,,0.5888516902923584,,,,
40,32249,,0.49366044998168945,,,,
40,32299,,0.29094386100769043,,,,
40,32349,,0.5752321481704712,,,,
40,32399,,1.017304539680481,,,,
40,32449,,-0.30133041739463806,,,,
40,32499,,0.22899483144283295,,,,
40,32549,,0.04266536980867386,,,,
40,32599,,0.00869991909712553,,,,
40,32649,,0.6998842358589172,,,,
40,32699,,0.6736089587211609,,,,
40,32749,,0.6966097950935364,,,,
40,32799,,0.4149168133735657,,,,
40,32799,,,1.3992598056793213,2.3251776695251465,0.3343108594417572,0.476287305355072
40,32799,0.6081482172012329,,,,,
41,32849,,-0.05707505717873573,,,,
41,32899,,-0.17910940945148468,,,,
41,32949,,-0.21933363378047943,,,,
41,32999,,0.22696997225284576,,,,
41,33049,,0.16692978143692017,,,,
41,33099,,0.10042030364274979,,,,
41,33149,,-0.0016075125895440578,,,,
41,33199,,-0.022698119282722473,,,,
41,33249,,0.44244009256362915,,,,
41,33299,,0.6986690163612366,,,,
41,33349,,0.3971439599990845,,,,
41,33399,,0.6744617223739624,,,,
41,33449,,-0.011680476367473602,,,,
41,33499,,0.39184316992759705,,,,
41,33549,,-0.21101760864257812,,,,
41,33599,,0.3126378059387207,,,,
41,33599,,,1.4071192741394043,2.373387575149536,0.33802542090415955,0.5049537420272827
41,33599,0.52744060754776,,,,,
42,33649,,0.15358294546604156,,,,
42,33699,,0.042703915387392044,,,,
42,33749,,-0.00259173265658319,,,,
42,33799,,0.3184649348258972,,,,
42,33849,,-0.04978667572140694,,,,
42,33899,,0.7906157374382019,,,,
42,33949,,0.22816070914268494,,,,
42,33999,,0.22696572542190552,,,,
42,34049,,0.3006940186023712,,,,
42,34099,,-0.1370612382888794,,,,
42,34149,,0.7802668213844299,,,,
42,34199,,0.32762813568115234,,,,
42,34249,,0.2230958789587021,,,,
42,34299,,0.722309410572052,,,,
42,34349,,0.5018998980522156,,,,
42,34399,,0.4957117438316345,,,,
42,34399,,,1.3947476148605347,2.3143978118896484,0.3371456563472748,0.4705188274383545
42,34399,0.5396419763565063,,,,,
43,34449,,0.10260535031557083,,,,
43,34499,,-0.048055071383714676,,,,
43,34549,,-0.04779261723160744,,,,
43,34599,,0.45288676023483276,,,,
43,34649,,0.07341817766427994,,,,
43,34699,,0.5758920311927795,,,,
43,34749,,0.041792988777160645,,,,
43,34799,,0.6273763179779053,,,,
43,34849,,-0.4452212452888489,,,,
43,34899,,0.6345517039299011,,,,
43,34949,,0.7518367171287537,,,,
43,34999,,0.32039520144462585,,,,
43,35049,,0.40925857424736023,,,,
43,35099,,0.5658206939697266,,,,
43,35149,,0.48704567551612854,,,,
43,35199,,0.3738812208175659,,,,
43,35199,,,1.3988138437271118,2.3192625045776367,0.33059629797935486,0.48331400752067566
43,35199,0.5402194261550903,,,,,
44,35249,,0.2411697953939438,,,,
44,35299,,0.29008418321609497,,,,
44,35349,,0.577122688293457,,,,
44,35399,,0.6800087094306946,,,,
44,35449,,0.7385433316230774,,,,
44,35499,,0.4210738241672516,,,,
44,35549,,-0.038215622305870056,,,,
44,35599,,-0.16045837104320526,,,,
44,35649,,0.4263134300708771,,,,
44,35699,,0.6388128995895386,,,,
44,35749,,0.30479949712753296,,,,
44,35799,,0.17351116240024567,,,,
44,35849,,0.6599359512329102,,,,
44,35899,,0.22119934856891632,,,,
44,35949,,0.21978864073753357,,,,
44,35999,,-0.35473451018333435,,,,
44,35999,,,1.3860145807266235,2.3156261444091797,0.33519062399864197,0.5076289772987366
44,35999,0.5489636659622192,,,,,
45,36049,,0.546697199344635,,,,
45,36099,,-0.09978009015321732,,,,
45,36149,,-0.03922124207019806,,,,
45,36199,,0.3457333743572235,,,,
45,36249,,0.8022610545158386,,,,
45,36299,,0.5588054060935974,,,,
45,36349,,0.6802559494972229,,,,
45,36399,,0.8405789732933044,,,,
45,36449,,0.2803090512752533,,,,
45,36499,,0.34635090827941895,,,,
45,36549,,0.5379223823547363,,,,
45,36599,,0.5107528567314148,,,,
45,36649,,0.781494140625,,,,
45,36699,,0.4168630540370941,,,,
45,36749,,0.17493493854999542,,,,
45,36799,,0.6849691867828369,,,,
45,36799,,,1.378417730331421,2.287288188934326,0.33704790472984314,0.49296411871910095
45,36799,0.4830392003059387,,,,,
46,36849,,-0.0184913519769907,,,,
46,36899,,0.0622597262263298,,,,
46,36949,,0.9468068480491638,,,,
46,36999,,0.5461968183517456,,,,
46,37049,,0.23379762470722198,,,,
46,37099,,0.6412972807884216,,,,
46,37149,,0.6192701458930969,,,,
46,37199,,0.4563482105731964,,,,
46,37249,,0.46620360016822815,,,,
46,37299,,-0.31998059153556824,,,,
46,37349,,0.36920586228370667,,,,
46,37399,,0.3430388271808624,,,,
46,37449,,-0.3169940114021301,,,,
46,37499,,0.44913405179977417,,,,
46,37549,,0.4146767854690552,,,,
46,37599,,-0.17496445775032043,,,,
46,37599,,,1.370293378829956,2.2871577739715576,0.32942327857017517,0.4787794351577759
46,37599,0.4227233827114105,,,,,
47,37649,,0.3250136375427246,,,,
47,37699,,0.33109408617019653,,,,
47,37749,,-0.3449416160583496,,,,
47,37799,,0.1976461410522461,,,,
47,37849,,0.6663809418678284,,,,
47,37899,,-0.14247889816761017,,,,
47,37949,,0.26425155997276306,,,,
47,37999,,-0.0876123458147049,,,,
47,38049,,0.4163505434989929,,,,
47,38099,,0.5024378895759583,,,,
47,38149,,-0.1742246448993683,,,,
47,38199,,0.16824963688850403,,,,
47,38249,,0.04058879613876343,,,,
47,38299,,0.25566890835762024,,,,
47,38349,,0.5958701968193054,,,,
47,38399,,0.6114732623100281,,,,
47,38399,,,1.3740018606185913,2.287984609603882,0.3282502591609955,0.4981590211391449
47,38399,0.3667873740196228,,,,,
48,38449,,0.025307172909379005,,,,
48,38499,,0.3326350152492523,,,,
48,38549,,-0.13622790575027466,,,,
48,38599,,0.18487675487995148,,,,
48,38649,,0.2417193502187729,,,,
48,38699,,0.25964367389678955,,,,
48,38749,,0.4003205895423889,,,,
48,38799,,-0.08364465087652206,,,,
48,38849,,0.7240509986877441,,,,
48,38899,,111.06367492675781,,,,
48,38949,,0.37589868903160095,,,,
48,38999,,0.3594980239868164,,,,
48,39049,,0.41469791531562805,,,,
48,39099,,1.151333212852478,,,,
48,39149,,0.043232936412096024,,,,
48,39199,,2.6323320865631104,,,,
48,39199,,,1.379219889640808,2.285329818725586,0.33206257224082947,0.47557729482650757
48,39199,0.5965794920921326,,,,,
49,39249,,0.1323498636484146,,,,
49,39299,,-0.22323521971702576,,,,
49,39349,,0.47330400347709656,,,,
49,39399,,0.12222114205360413,,,,
49,39449,,0.13108192384243011,,,,
49,39499,,0.17263011634349823,,,,
49,39549,,0.36042213439941406,,,,
49,39599,,0.13660503923892975,,,,
49,39649,,0.5759205222129822,,,,
49,39699,,0.18962129950523376,,,,
49,39749,,0.36824262142181396,,,,
49,39799,,0.3174481987953186,,,,
49,39849,,0.3228621780872345,,,,
49,39899,,0.13816708326339722,,,,
49,39949,,0.4603147506713867,,,,
49,39999,,0.8859785199165344,,,,
49,39999,,,1.3686286211013794,2.2600579261779785,0.3282502591609955,0.45756635069847107
49,39999,0.6554248929023743,,,,,
50,40049,,0.41370779275894165,,,,
50,40099,,0.34433120489120483,,,,
50,40149,,0.41272062063217163,,,,
50,40199,,0.48624658584594727,,,,
50,40249,,0.27092280983924866,,,,
50,40299,,0.19488292932510376,,,,
50,40349,,0.21902212500572205,,,,
50,40399,,0.34697747230529785,,,,
50,40449,,0.2823212742805481,,,,
50,40499,,0.5846454501152039,,,,
50,40549,,0.14028555154800415,,,,
50,40599,,0.9002562165260315,,,,
50,40649,,0.09442558884620667,,,,
50,40699,,0.12244950979948044,,,,
50,40749,,0.21104106307029724,,,,
50,40799,,0.7535513043403625,,,,
50,40799,,,1.3667001724243164,2.2754387855529785,0.3280547261238098,0.47543618083000183
50,40799,0.4723774492740631,,,,,
51,40849,,0.89267498254776,,,,
51,40899,,0.19068752229213715,,,,
51,40949,,0.15403296053409576,,,,
51,40999,,0.3313444256782532,,,,
51,41049,,0.26385170221328735,,,,
51,41099,,-0.455463171005249,,,,
51,41149,,0.28751906752586365,,,,
51,41199,,-0.12883585691452026,,,,
51,41249,,0.8994612693786621,,,,
51,41299,,-0.16777589917182922,,,,
51,41349,,0.4063735604286194,,,,
51,41399,,0.2228662222623825,,,,
51,41449,,0.24484482407569885,,,,
51,41499,,0.49317967891693115,,,,
51,41549,,0.3119310736656189,,,,
51,41599,,-0.623857319355011,,,,
51,41599,,,1.363203763961792,2.264305353164673,0.32209187746047974,0.5010228753089905
51,41599,0.4998779594898224,,,,,
52,41649,,0.11283932626247406,,,,
52,41699,,0.15365518629550934,,,,
52,41749,,0.7252833843231201,,,,
52,41799,,-0.2899899482727051,,,,
52,41849,,0.45601001381874084,,,,
52,41899,,0.7116290330886841,,,,
52,41949,,0.6998143792152405,,,,
52,41999,,0.5722593665122986,,,,
52,42049,,0.08472110331058502,,,,
52,42099,,0.167128324508667,,,,
52,42149,,0.11825677007436752,,,,
52,42199,,0.3790876269340515,,,,
52,42249,,0.35098037123680115,,,,
52,42299,,0.45701244473457336,,,,
52,42349,,0.5303120017051697,,,,
52,42399,,0.5350251793861389,,,,
52,42399,,,1.3704570531845093,2.276050329208374,0.3283480107784271,0.5078842639923096
52,42399,0.5517898201942444,,,,,
53,42449,,0.2642853558063507,,,,
53,42499,,-0.40831422805786133,,,,
53,42549,,0.05307380482554436,,,,
53,42599,,-0.05414765700697899,,,,
53,42649,,0.4503292441368103,,,,
53,42699,,-0.11876094341278076,,,,
53,42749,,0.022936737164855003,,,,
53,42799,,0.4912834167480469,,,,
53,42849,,0.0809842124581337,,,,
53,42899,,-0.04042082652449608,,,,
53,42949,,0.4752768278121948,,,,
53,42999,,-0.015587708912789822,,,,
53,43049,,0.25105348229408264,,,,
53,43099,,0.2372518926858902,,,,
53,43149,,0.10496825724840164,,,,
53,43199,,0.3016042709350586,,,,
53,43199,,,1.360431432723999,2.2566401958465576,0.3270772099494934,0.4906816780567169
53,43199,0.39985382556915283,,,,,
54,43249,,-0.5841914415359497,,,,
54,43299,,0.1595079004764557,,,,
54,43349,,0.1194688081741333,,,,
54,43399,,0.44630759954452515,,,,
54,43449,,0.7375501990318298,,,,
54,43499,,0.6734705567359924,,,,
54,43549,,0.03798767924308777,,,,
54,43599,,0.7474645972251892,,,,
54,43649,,7.78967296355404e-05,,,,
54,43699,,0.13495464622974396,,,,
54,43749,,0.3536578118801117,,,,
54,43799,,0.20855960249900818,,,,
54,43849,,-0.14263229072093964,,,,
54,43899,,0.53146892786026,,,,
54,43949,,0.04386052116751671,,,,
54,43999,,0.2367960512638092,,,,
54,43999,,,1.3643629550933838,2.26141095161438,0.3221896290779114,0.47986480593681335
54,43999,0.4226844012737274,,,,,
55,44049,,0.04194419085979462,,,,
55,44099,,0.02196390926837921,,,,
55,44149,,-0.067594014108181,,,,
55,44199,,0.2204436957836151,,,,
55,44249,,0.5020523071289062,,,,
55,44299,,0.5460565686225891,,,,
55,44349,,0.3422771394252777,,,,
55,44399,,0.376808762550354,,,,
55,44449,,0.7725950479507446,,,,
55,44499,,0.7430679798126221,,,,
55,44549,,0.39597851037979126,,,,
55,44599,,-0.23504948616027832,,,,
55,44649,,0.2665015459060669,,,,
55,44699,,0.14166057109832764,,,,
55,44749,,0.5056135654449463,,,,
55,44799,,0.3744337856769562,,,,
55,44799,,,1.3557442426681519,2.2473106384277344,0.3229716420173645,0.5093489289283752
55,44799,0.5445160865783691,,,,,
56,44849,,-0.48664024472236633,,,,
56,44899,,0.22140076756477356,,,,
56,44949,,0.07835124433040619,,,,
56,44999,,0.601219117641449,,,,
56,45049,,0.3951561748981476,,,,
56,45099,,-0.032616663724184036,,,,
56,45149,,0.7206809520721436,,,,
56,45199,,-0.07823428511619568,,,,
56,45249,,0.4466870427131653,,,,
56,45299,,0.8017930388450623,,,,
56,45349,,0.5763201117515564,,,,
56,45399,,0.685169517993927,,,,
56,45449,,0.2118607461452484,,,,
56,45499,,0.36965784430503845,,,,
56,45549,,-0.2384975105524063,,,,
56,45599,,-0.06422960758209229,,,,
56,45599,,,1.3545244932174683,2.25148868560791,0.32570868730545044,0.490957111120224
56,45599,0.6868889331817627,,,,,
57,45649,,-0.11215391010046005,,,,
57,45699,,0.3763274550437927,,,,
57,45749,,0.11981406062841415,,,,
57,45799,,0.8270704746246338,,,,
57,45849,,0.20575188100337982,,,,
57,45899,,-0.03887083753943443,,,,
57,45949,,-0.2043151557445526,,,,
57,45999,,0.5073499083518982,,,,
57,46049,,0.3308142423629761,,,,
57,46099,,-0.2908798158168793,,,,
57,46149,,0.5347961783409119,,,,
57,46199,,0.5941486358642578,,,,
57,46249,,-0.17211714386940002,,,,
57,46299,,0.6141705513000488,,,,
57,46349,,0.03438933193683624,,,,
57,46399,,0.29487836360931396,,,,
57,46399,,,1.3547780513763428,2.246635913848877,0.32287389039993286,0.4936974048614502
57,46399,0.6715437173843384,,,,,
58,46449,,0.08159688860177994,,,,
58,46499,,0.345429003238678,,,,
58,46549,,-0.1293676644563675,,,,
58,46599,,0.24379850924015045,,,,
58,46649,,0.152731791138649,,,,
58,46699,,0.4974896311759949,,,,
58,46749,,0.07863201200962067,,,,
58,46799,,0.14648430049419403,,,,
58,46849,,0.1367465704679489,,,,
58,46899,,0.07258094102144241,,,,
58,46949,,0.3021961748600006,,,,
58,46999,,-0.22758124768733978,,,,
58,47049,,0.5661553144454956,,,,
58,47099,,0.7034421563148499,,,,
58,47149,,-0.5586584210395813,,,,
58,47199,,0.8283533453941345,,,,
58,47199,,,1.3558708429336548,2.2454843521118164,0.3226783871650696,0.4934333860874176
58,47199,0.439106285572052,,,,,
59,47249,,0.22619369626045227,,,,
59,47299,,0.2302209734916687,,,,
59,47349,,0.3517948389053345,,,,
59,47399,,0.926319420337677,,,,
59,47449,,0.7388244867324829,,,,
59,47499,,0.7281166315078735,,,,
59,47549,,0.0033643203787505627,,,,
59,47599,,-0.7099317312240601,,,,
59,47649,,0.7979795336723328,,,,
59,47699,,-0.06148545444011688,,,,
59,47749,,0.6850668787956238,,,,
59,47799,,-0.10045379400253296,,,,
59,47849,,0.6331585049629211,,,,
59,47899,,-0.06648726016283035,,,,
59,47949,,0.6027764678001404,,,,
59,47999,,1.0135095119476318,,,,
59,47999,,,1.351779818534851,2.243086338043213,0.3231671452522278,0.4916055500507355
59,47999,0.4796615242958069,,,,,
60,48049,,0.31860724091529846,,,,
60,48099,,0.3114457428455353,,,,
60,48149,,0.44520872831344604,,,,
60,48199,,0.06421632319688797,,,,
60,48249,,0.10191222280263901,,,,
60,48299,,0.8051411509513855,,,,
60,48349,,-0.2893314063549042,,,,
60,48399,,-0.04442249611020088,,,,
60,48449,,0.2900512218475342,,,,
60,48499,,0.05775950849056244,,,,
60,48549,,0.45945706963539124,,,,
60,48599,,0.47774481773376465,,,,
60,48649,,0.18013910949230194,,,,
60,48699,,0.386929452419281,,,,
60,48749,,-0.02956344373524189,,,,
60,48799,,0.3386598825454712,,,,
60,48799,,,1.3556032180786133,2.2429912090301514,0.3217986226081848,0.4894154965877533
60,48799,0.5893740653991699,,,,,
61,48849,,0.1975228190422058,,,,
61,48899,,0.13767343759536743,,,,
61,48949,,-0.10975229740142822,,,,
61,48999,,0.4386807084083557,,,,
61,49049,,0.4781270921230316,,,,
61,49099,,0.6721277832984924,,,,
61,49149,,0.7869815230369568,,,,
61,49199,,0.4564720690250397,,,,
61,49249,,-0.5115979909896851,,,,
61,49299,,-0.4664384424686432,,,,
61,49349,,0.2754375636577606,,,,
61,49399,,0.40634986758232117,,,,
61,49449,,0.07644419372081757,,,,
61,49499,,-0.40752583742141724,,,,
61,49549,,0.08339060097932816,,,,
61,49599,,1.0781564712524414,,,,
61,49599,,,1.3536720275878906,2.2456247806549072,0.3232648968696594,0.49027127027511597
61,49599,0.5368348956108093,,,,,
62,49649,,0.36633720993995667,,,,
62,49699,,0.3226046562194824,,,,
62,49749,,0.6272336840629578,,,,
62,49799,,0.5695183277130127,,,,
62,49849,,0.2667480409145355,,,,
62,49899,,-0.0016473494470119476,,,,
62,49949,,0.36062872409820557,,,,
62,49999,,239.2997589111328,,,,
62,50049,,0.5760685801506042,,,,
62,50099,,-0.16732341051101685,,,,
62,50149,,0.6256246566772461,,,,
62,50199,,0.19131748378276825,,,,
62,50249,,-0.021472839638590813,,,,
62,50299,,-0.006793063599616289,,,,
62,50349,,0.2735912501811981,,,,
62,50399,,0.31251195073127747,,,,
62,50399,,,1.3534499406814575,2.244776725769043,0.3244379162788391,0.4903409481048584
62,50399,0.6381676197052002,,,,,
63,50449,,0.2280331254005432,,,,
63,50499,,0.13720396161079407,,,,
63,50549,,0.5151174068450928,,,,
63,50599,,-0.13575761020183563,,,,
63,50649,,0.484099805355072,,,,
63,50699,,0.3163735270500183,,,,
63,50749,,0.31672778725624084,,,,
63,50799,,0.2297440469264984,,,,
63,50849,,0.48677927255630493,,,,
63,50899,,0.30174896121025085,,,,
63,50949,,-0.35500064492225647,,,,
63,50999,,0.504349946975708,,,,
63,51049,,-0.10186295211315155,,,,
63,51099,,0.12346622347831726,,,,
63,51149,,0.22162050008773804,,,,
63,51199,,0.7969867587089539,,,,
63,51199,,,1.353760838508606,2.245267629623413,0.3237536549568176,0.4896766245365143
63,51199,0.4717097282409668,,,,,
